case,triangles,vertices,file_bytes,metric,iteration,value_ms
100k,100008,50006,6441421,model_load,1,81.5
100k,100008,50006,6441421,model_load,2,87.124
100k,100008,50006,6441421,model_load,3,81.169
100k,100008,50006,6441421,gpu_upload_cpu_observed,1,1.3815
100k,100008,50006,6441421,gpu_upload_cpu_observed,2,1.3517
100k,100008,50006,6441421,gpu_upload_cpu_observed,3,1.1578
100k,100008,50006,6441421,gpu_upload_cpu_observed,4,0.8684
100k,100008,50006,6441421,gpu_upload_cpu_observed,5,0.8622
100k,100008,50006,6441421,gpu_upload_cpu_observed,6,0.8393
100k,100008,50006,6441421,gpu_upload_cpu_observed,7,0.7992
100k,100008,50006,6441421,gpu_upload_cpu_observed,8,0.7919
100k,100008,50006,6441421,gpu_upload_cpu_observed,9,0.7653
100k,100008,50006,6441421,gpu_upload_cpu_observed,10,0.7678
100k,100008,50006,6441421,cpu_frame_submit_swap,1,0.0722
100k,100008,50006,6441421,cpu_frame_submit_swap,2,0.4195
100k,100008,50006,6441421,cpu_frame_submit_swap,3,0.4413
100k,100008,50006,6441421,cpu_frame_submit_swap,4,0.6236
100k,100008,50006,6441421,cpu_frame_submit_swap,5,0.4358
100k,100008,50006,6441421,cpu_frame_submit_swap,6,0.381
100k,100008,50006,6441421,cpu_frame_submit_swap,7,0.3898
100k,100008,50006,6441421,cpu_frame_submit_swap,8,0.5891
100k,100008,50006,6441421,cpu_frame_submit_swap,9,0.4122
100k,100008,50006,6441421,cpu_frame_submit_swap,10,0.4447
100k,100008,50006,6441421,cpu_frame_submit_swap,11,0.3084
100k,100008,50006,6441421,cpu_frame_submit_swap,12,0.3024
100k,100008,50006,6441421,cpu_frame_submit_swap,13,0.4529
100k,100008,50006,6441421,cpu_frame_submit_swap,14,0.4122
100k,100008,50006,6441421,cpu_frame_submit_swap,15,0.4414
100k,100008,50006,6441421,cpu_frame_submit_swap,16,0.4569
100k,100008,50006,6441421,cpu_frame_submit_swap,17,0.4917
100k,100008,50006,6441421,cpu_frame_submit_swap,18,0.4428
100k,100008,50006,6441421,cpu_frame_submit_swap,19,0.347
100k,100008,50006,6441421,cpu_frame_submit_swap,20,0.3751
100k,100008,50006,6441421,cpu_frame_submit_swap,21,0.3013
100k,100008,50006,6441421,cpu_frame_submit_swap,22,0.3308
100k,100008,50006,6441421,cpu_frame_submit_swap,23,0.4627
100k,100008,50006,6441421,cpu_frame_submit_swap,24,0.3797
100k,100008,50006,6441421,cpu_frame_submit_swap,25,0.4125
100k,100008,50006,6441421,cpu_frame_submit_swap,26,0.5113
100k,100008,50006,6441421,cpu_frame_submit_swap,27,0.437
100k,100008,50006,6441421,cpu_frame_submit_swap,28,0.453
100k,100008,50006,6441421,cpu_frame_submit_swap,29,0.3433
100k,100008,50006,6441421,cpu_frame_submit_swap,30,0.4584
100k,100008,50006,6441421,cpu_frame_submit_swap,31,0.3669
100k,100008,50006,6441421,cpu_frame_submit_swap,32,0.3917
100k,100008,50006,6441421,cpu_frame_submit_swap,33,0.4316
100k,100008,50006,6441421,cpu_frame_submit_swap,34,0.3912
100k,100008,50006,6441421,cpu_frame_submit_swap,35,0.4717
100k,100008,50006,6441421,cpu_frame_submit_swap,36,0.3382
100k,100008,50006,6441421,cpu_frame_submit_swap,37,0.4361
100k,100008,50006,6441421,cpu_frame_submit_swap,38,0.4216
100k,100008,50006,6441421,cpu_frame_submit_swap,39,0.3225
100k,100008,50006,6441421,cpu_frame_submit_swap,40,0.6089
100k,100008,50006,6441421,cpu_frame_submit_swap,41,0.3526
100k,100008,50006,6441421,cpu_frame_submit_swap,42,0.4329
100k,100008,50006,6441421,cpu_frame_submit_swap,43,0.4293
100k,100008,50006,6441421,cpu_frame_submit_swap,44,0.3202
100k,100008,50006,6441421,cpu_frame_submit_swap,45,0.2676
100k,100008,50006,6441421,cpu_frame_submit_swap,46,0.2543
100k,100008,50006,6441421,cpu_frame_submit_swap,47,0.321
100k,100008,50006,6441421,cpu_frame_submit_swap,48,0.518
100k,100008,50006,6441421,cpu_frame_submit_swap,49,0.3739
100k,100008,50006,6441421,cpu_frame_submit_swap,50,0.4532
100k,100008,50006,6441421,cpu_frame_submit_swap,51,0.4823
100k,100008,50006,6441421,cpu_frame_submit_swap,52,0.8155
100k,100008,50006,6441421,cpu_frame_submit_swap,53,0.4342
100k,100008,50006,6441421,cpu_frame_submit_swap,54,0.496
100k,100008,50006,6441421,cpu_frame_submit_swap,55,0.3108
100k,100008,50006,6441421,cpu_frame_submit_swap,56,0.4792
100k,100008,50006,6441421,cpu_frame_submit_swap,57,0.4342
100k,100008,50006,6441421,cpu_frame_submit_swap,58,0.4353
100k,100008,50006,6441421,cpu_frame_submit_swap,59,0.4136
100k,100008,50006,6441421,cpu_frame_submit_swap,60,0.3236
100k,100008,50006,6441421,cpu_frame_submit_swap,61,0.5199
100k,100008,50006,6441421,cpu_frame_submit_swap,62,0.378
100k,100008,50006,6441421,cpu_frame_submit_swap,63,0.4632
100k,100008,50006,6441421,cpu_frame_submit_swap,64,0.3674
100k,100008,50006,6441421,cpu_frame_submit_swap,65,0.3257
100k,100008,50006,6441421,cpu_frame_submit_swap,66,0.5246
100k,100008,50006,6441421,cpu_frame_submit_swap,67,0.3731
100k,100008,50006,6441421,cpu_frame_submit_swap,68,0.4888
100k,100008,50006,6441421,cpu_frame_submit_swap,69,0.4209
100k,100008,50006,6441421,cpu_frame_submit_swap,70,0.4253
100k,100008,50006,6441421,cpu_frame_submit_swap,71,0.4551
100k,100008,50006,6441421,cpu_frame_submit_swap,72,0.4123
100k,100008,50006,6441421,cpu_frame_submit_swap,73,0.5255
100k,100008,50006,6441421,cpu_frame_submit_swap,74,0.3012
100k,100008,50006,6441421,cpu_frame_submit_swap,75,0.5436
100k,100008,50006,6441421,cpu_frame_submit_swap,76,0.5241
100k,100008,50006,6441421,cpu_frame_submit_swap,77,0.5193
100k,100008,50006,6441421,cpu_frame_submit_swap,78,0.3229
100k,100008,50006,6441421,cpu_frame_submit_swap,79,0.4016
100k,100008,50006,6441421,cpu_frame_submit_swap,80,0.4446
100k,100008,50006,6441421,cpu_frame_submit_swap,81,0.3992
100k,100008,50006,6441421,cpu_frame_submit_swap,82,0.5332
100k,100008,50006,6441421,cpu_frame_submit_swap,83,0.3933
100k,100008,50006,6441421,cpu_frame_submit_swap,84,0.5663
100k,100008,50006,6441421,cpu_frame_submit_swap,85,0.3092
100k,100008,50006,6441421,cpu_frame_submit_swap,86,0.461
100k,100008,50006,6441421,cpu_frame_submit_swap,87,0.436
100k,100008,50006,6441421,cpu_frame_submit_swap,88,0.4171
100k,100008,50006,6441421,cpu_frame_submit_swap,89,0.4237
100k,100008,50006,6441421,cpu_frame_submit_swap,90,0.348
100k,100008,50006,6441421,cpu_frame_submit_swap,91,0.4744
100k,100008,50006,6441421,cpu_frame_submit_swap,92,0.3509
100k,100008,50006,6441421,cpu_frame_submit_swap,93,0.4012
100k,100008,50006,6441421,cpu_frame_submit_swap,94,0.4135
100k,100008,50006,6441421,cpu_frame_submit_swap,95,0.3565
100k,100008,50006,6441421,cpu_frame_submit_swap,96,0.4524
100k,100008,50006,6441421,cpu_frame_submit_swap,97,0.4232
100k,100008,50006,6441421,cpu_frame_submit_swap,98,0.4857
100k,100008,50006,6441421,cpu_frame_submit_swap,99,0.4927
100k,100008,50006,6441421,cpu_frame_submit_swap,100,0.4657
100k,100008,50006,6441421,cpu_frame_submit_swap,101,0.4125
100k,100008,50006,6441421,cpu_frame_submit_swap,102,0.4166
100k,100008,50006,6441421,cpu_frame_submit_swap,103,0.5047
100k,100008,50006,6441421,cpu_frame_submit_swap,104,0.3421
100k,100008,50006,6441421,cpu_frame_submit_swap,105,0.4746
100k,100008,50006,6441421,cpu_frame_submit_swap,106,0.3691
100k,100008,50006,6441421,cpu_frame_submit_swap,107,0.3168
100k,100008,50006,6441421,cpu_frame_submit_swap,108,0.2768
100k,100008,50006,6441421,cpu_frame_submit_swap,109,0.2526
100k,100008,50006,6441421,cpu_frame_submit_swap,110,0.3022
100k,100008,50006,6441421,cpu_frame_submit_swap,111,0.4499
100k,100008,50006,6441421,cpu_frame_submit_swap,112,0.3166
100k,100008,50006,6441421,cpu_frame_submit_swap,113,0.2576
100k,100008,50006,6441421,cpu_frame_submit_swap,114,0.2581
100k,100008,50006,6441421,cpu_frame_submit_swap,115,0.3758
100k,100008,50006,6441421,cpu_frame_submit_swap,116,0.3718
100k,100008,50006,6441421,cpu_frame_submit_swap,117,0.3242
100k,100008,50006,6441421,cpu_frame_submit_swap,118,0.3771
100k,100008,50006,6441421,cpu_frame_submit_swap,119,0.3502
100k,100008,50006,6441421,cpu_frame_submit_swap,120,0.4834
100k,100008,50006,6441421,cpu_frame_submit_swap,121,0.3525
100k,100008,50006,6441421,cpu_frame_submit_swap,122,0.2845
100k,100008,50006,6441421,cpu_frame_submit_swap,123,0.3854
100k,100008,50006,6441421,cpu_frame_submit_swap,124,0.2761
100k,100008,50006,6441421,cpu_frame_submit_swap,125,0.5168
100k,100008,50006,6441421,cpu_frame_submit_swap,126,0.3153
100k,100008,50006,6441421,cpu_frame_submit_swap,127,0.2744
100k,100008,50006,6441421,cpu_frame_submit_swap,128,0.2492
100k,100008,50006,6441421,cpu_frame_submit_swap,129,0.2466
100k,100008,50006,6441421,cpu_frame_submit_swap,130,0.2441
100k,100008,50006,6441421,cpu_frame_submit_swap,131,0.2765
100k,100008,50006,6441421,cpu_frame_submit_swap,132,0.4847
100k,100008,50006,6441421,cpu_frame_submit_swap,133,0.3494
100k,100008,50006,6441421,cpu_frame_submit_swap,134,0.4245
100k,100008,50006,6441421,cpu_frame_submit_swap,135,0.4642
100k,100008,50006,6441421,cpu_frame_submit_swap,136,0.3214
100k,100008,50006,6441421,cpu_frame_submit_swap,137,0.5771
100k,100008,50006,6441421,cpu_frame_submit_swap,138,0.3988
100k,100008,50006,6441421,cpu_frame_submit_swap,139,0.2955
100k,100008,50006,6441421,cpu_frame_submit_swap,140,0.2702
100k,100008,50006,6441421,cpu_frame_submit_swap,141,0.2474
100k,100008,50006,6441421,cpu_frame_submit_swap,142,0.3325
100k,100008,50006,6441421,cpu_frame_submit_swap,143,0.2968
100k,100008,50006,6441421,cpu_frame_submit_swap,144,0.3321
100k,100008,50006,6441421,cpu_frame_submit_swap,145,0.4549
100k,100008,50006,6441421,cpu_frame_submit_swap,146,0.4756
100k,100008,50006,6441421,cpu_frame_submit_swap,147,0.3539
100k,100008,50006,6441421,cpu_frame_submit_swap,148,0.3472
100k,100008,50006,6441421,cpu_frame_submit_swap,149,0.2616
100k,100008,50006,6441421,cpu_frame_submit_swap,150,0.2533
100k,100008,50006,6441421,cpu_frame_submit_swap,151,0.3961
100k,100008,50006,6441421,cpu_frame_submit_swap,152,0.4375
100k,100008,50006,6441421,cpu_frame_submit_swap,153,0.2808
100k,100008,50006,6441421,cpu_frame_submit_swap,154,0.2503
100k,100008,50006,6441421,cpu_frame_submit_swap,155,0.245
100k,100008,50006,6441421,cpu_frame_submit_swap,156,0.2589
100k,100008,50006,6441421,cpu_frame_submit_swap,157,0.3337
100k,100008,50006,6441421,cpu_frame_submit_swap,158,0.3869
100k,100008,50006,6441421,cpu_frame_submit_swap,159,0.3676
100k,100008,50006,6441421,cpu_frame_submit_swap,160,0.4776
100k,100008,50006,6441421,cpu_frame_submit_swap,161,0.4855
100k,100008,50006,6441421,cpu_frame_submit_swap,162,0.3092
100k,100008,50006,6441421,cpu_frame_submit_swap,163,0.307
100k,100008,50006,6441421,cpu_frame_submit_swap,164,0.2656
100k,100008,50006,6441421,cpu_frame_submit_swap,165,0.2682
100k,100008,50006,6441421,cpu_frame_submit_swap,166,0.2611
100k,100008,50006,6441421,cpu_frame_submit_swap,167,0.2596
100k,100008,50006,6441421,cpu_frame_submit_swap,168,0.2573
100k,100008,50006,6441421,cpu_frame_submit_swap,169,0.4044
100k,100008,50006,6441421,cpu_frame_submit_swap,170,0.4751
100k,100008,50006,6441421,cpu_frame_submit_swap,171,0.3927
100k,100008,50006,6441421,cpu_frame_submit_swap,172,0.4499
100k,100008,50006,6441421,cpu_frame_submit_swap,173,0.4063
100k,100008,50006,6441421,cpu_frame_submit_swap,174,0.3062
100k,100008,50006,6441421,cpu_frame_submit_swap,175,0.2537
100k,100008,50006,6441421,cpu_frame_submit_swap,176,0.2553
100k,100008,50006,6441421,cpu_frame_submit_swap,177,0.3265
100k,100008,50006,6441421,cpu_frame_submit_swap,178,0.3045
100k,100008,50006,6441421,cpu_frame_submit_swap,179,0.2997
100k,100008,50006,6441421,cpu_frame_submit_swap,180,0.3092
100k,100008,50006,6441421,cpu_frame_submit_swap,181,0.308
100k,100008,50006,6441421,cpu_frame_submit_swap,182,0.3477
100k,100008,50006,6441421,cpu_frame_submit_swap,183,0.2773
100k,100008,50006,6441421,cpu_frame_submit_swap,184,0.4943
100k,100008,50006,6441421,cpu_frame_submit_swap,185,0.3988
100k,100008,50006,6441421,cpu_frame_submit_swap,186,0.3045
100k,100008,50006,6441421,cpu_frame_submit_swap,187,0.2708
100k,100008,50006,6441421,cpu_frame_submit_swap,188,0.2497
100k,100008,50006,6441421,cpu_frame_submit_swap,189,0.2485
100k,100008,50006,6441421,cpu_frame_submit_swap,190,0.2491
100k,100008,50006,6441421,cpu_frame_submit_swap,191,0.2621
100k,100008,50006,6441421,cpu_frame_submit_swap,192,0.2451
100k,100008,50006,6441421,cpu_frame_submit_swap,193,0.2461
100k,100008,50006,6441421,cpu_frame_submit_swap,194,0.3753
100k,100008,50006,6441421,cpu_frame_submit_swap,195,0.2879
100k,100008,50006,6441421,cpu_frame_submit_swap,196,0.2705
100k,100008,50006,6441421,cpu_frame_submit_swap,197,0.3284
100k,100008,50006,6441421,cpu_frame_submit_swap,198,0.307
100k,100008,50006,6441421,cpu_frame_submit_swap,199,0.2522
100k,100008,50006,6441421,cpu_frame_submit_swap,200,0.2477
100k,100008,50006,6441421,cpu_frame_submit_swap,201,0.2874
100k,100008,50006,6441421,cpu_frame_submit_swap,202,0.3448
100k,100008,50006,6441421,cpu_frame_submit_swap,203,0.2983
100k,100008,50006,6441421,cpu_frame_submit_swap,204,0.2761
100k,100008,50006,6441421,cpu_frame_submit_swap,205,0.2509
100k,100008,50006,6441421,cpu_frame_submit_swap,206,0.2601
100k,100008,50006,6441421,cpu_frame_submit_swap,207,0.2479
100k,100008,50006,6441421,cpu_frame_submit_swap,208,0.2493
100k,100008,50006,6441421,cpu_frame_submit_swap,209,0.2471
100k,100008,50006,6441421,cpu_frame_submit_swap,210,0.2477
100k,100008,50006,6441421,cpu_frame_submit_swap,211,0.2643
100k,100008,50006,6441421,cpu_frame_submit_swap,212,0.4721
100k,100008,50006,6441421,cpu_frame_submit_swap,213,0.4346
100k,100008,50006,6441421,cpu_frame_submit_swap,214,0.3391
100k,100008,50006,6441421,cpu_frame_submit_swap,215,0.3422
100k,100008,50006,6441421,cpu_frame_submit_swap,216,0.3223
100k,100008,50006,6441421,cpu_frame_submit_swap,217,0.2727
100k,100008,50006,6441421,cpu_frame_submit_swap,218,0.2643
100k,100008,50006,6441421,cpu_frame_submit_swap,219,0.2912
100k,100008,50006,6441421,cpu_frame_submit_swap,220,0.3267
100k,100008,50006,6441421,cpu_frame_submit_swap,221,0.2555
100k,100008,50006,6441421,cpu_frame_submit_swap,222,0.2617
100k,100008,50006,6441421,cpu_frame_submit_swap,223,0.2476
100k,100008,50006,6441421,cpu_frame_submit_swap,224,0.3206
100k,100008,50006,6441421,cpu_frame_submit_swap,225,0.3831
100k,100008,50006,6441421,cpu_frame_submit_swap,226,0.2668
100k,100008,50006,6441421,cpu_frame_submit_swap,227,0.277
100k,100008,50006,6441421,cpu_frame_submit_swap,228,0.2601
100k,100008,50006,6441421,cpu_frame_submit_swap,229,0.2478
100k,100008,50006,6441421,cpu_frame_submit_swap,230,0.2471
100k,100008,50006,6441421,cpu_frame_submit_swap,231,0.2683
100k,100008,50006,6441421,cpu_frame_submit_swap,232,0.2578
100k,100008,50006,6441421,cpu_frame_submit_swap,233,0.2466
100k,100008,50006,6441421,cpu_frame_submit_swap,234,0.2655
100k,100008,50006,6441421,cpu_frame_submit_swap,235,0.2469
100k,100008,50006,6441421,cpu_frame_submit_swap,236,0.2455
100k,100008,50006,6441421,cpu_frame_submit_swap,237,0.2459
100k,100008,50006,6441421,cpu_frame_submit_swap,238,0.2443
100k,100008,50006,6441421,cpu_frame_submit_swap,239,0.2491
100k,100008,50006,6441421,cpu_frame_submit_swap,240,0.2449
100k,100008,50006,6441421,cpu_frame_submit_swap,241,0.2632
100k,100008,50006,6441421,cpu_frame_submit_swap,242,0.2452
100k,100008,50006,6441421,cpu_frame_submit_swap,243,0.2471
100k,100008,50006,6441421,cpu_frame_submit_swap,244,0.2564
100k,100008,50006,6441421,cpu_frame_submit_swap,245,0.2458
100k,100008,50006,6441421,cpu_frame_submit_swap,246,0.304
100k,100008,50006,6441421,cpu_frame_submit_swap,247,0.2901
100k,100008,50006,6441421,cpu_frame_submit_swap,248,0.273
100k,100008,50006,6441421,cpu_frame_submit_swap,249,0.3404
100k,100008,50006,6441421,cpu_frame_submit_swap,250,0.2602
100k,100008,50006,6441421,cpu_frame_submit_swap,251,0.376
100k,100008,50006,6441421,cpu_frame_submit_swap,252,0.3304
100k,100008,50006,6441421,cpu_frame_submit_swap,253,0.2967
100k,100008,50006,6441421,cpu_frame_submit_swap,254,0.2538
100k,100008,50006,6441421,cpu_frame_submit_swap,255,0.247
100k,100008,50006,6441421,cpu_frame_submit_swap,256,0.2776
100k,100008,50006,6441421,cpu_frame_submit_swap,257,0.2476
100k,100008,50006,6441421,cpu_frame_submit_swap,258,0.245
100k,100008,50006,6441421,cpu_frame_submit_swap,259,0.2487
100k,100008,50006,6441421,cpu_frame_submit_swap,260,0.2674
100k,100008,50006,6441421,cpu_frame_submit_swap,261,0.2829
100k,100008,50006,6441421,cpu_frame_submit_swap,262,0.3005
100k,100008,50006,6441421,cpu_frame_submit_swap,263,0.2591
100k,100008,50006,6441421,cpu_frame_submit_swap,264,0.2525
100k,100008,50006,6441421,cpu_frame_submit_swap,265,0.3209
100k,100008,50006,6441421,cpu_frame_submit_swap,266,0.2861
100k,100008,50006,6441421,cpu_frame_submit_swap,267,0.2599
100k,100008,50006,6441421,cpu_frame_submit_swap,268,0.2624
100k,100008,50006,6441421,cpu_frame_submit_swap,269,0.4254
100k,100008,50006,6441421,cpu_frame_submit_swap,270,0.3028
100k,100008,50006,6441421,cpu_frame_submit_swap,271,0.2539
100k,100008,50006,6441421,cpu_frame_submit_swap,272,0.2536
100k,100008,50006,6441421,cpu_frame_submit_swap,273,0.2493
100k,100008,50006,6441421,cpu_frame_submit_swap,274,0.2479
100k,100008,50006,6441421,cpu_frame_submit_swap,275,0.2712
100k,100008,50006,6441421,cpu_frame_submit_swap,276,0.3324
100k,100008,50006,6441421,cpu_frame_submit_swap,277,0.2697
100k,100008,50006,6441421,cpu_frame_submit_swap,278,0.2492
100k,100008,50006,6441421,cpu_frame_submit_swap,279,0.2553
100k,100008,50006,6441421,cpu_frame_submit_swap,280,0.2522
100k,100008,50006,6441421,cpu_frame_submit_swap,281,0.2472
100k,100008,50006,6441421,cpu_frame_submit_swap,282,0.2464
100k,100008,50006,6441421,cpu_frame_submit_swap,283,0.2458
100k,100008,50006,6441421,cpu_frame_submit_swap,284,0.246
100k,100008,50006,6441421,cpu_frame_submit_swap,285,0.2618
100k,100008,50006,6441421,cpu_frame_submit_swap,286,0.2674
100k,100008,50006,6441421,cpu_frame_submit_swap,287,0.2483
100k,100008,50006,6441421,cpu_frame_submit_swap,288,0.3368
100k,100008,50006,6441421,cpu_frame_submit_swap,289,0.2991
100k,100008,50006,6441421,cpu_frame_submit_swap,290,0.2543
100k,100008,50006,6441421,cpu_frame_submit_swap,291,0.2476
100k,100008,50006,6441421,cpu_frame_submit_swap,292,0.2481
100k,100008,50006,6441421,cpu_frame_submit_swap,293,0.2516
100k,100008,50006,6441421,cpu_frame_submit_swap,294,0.2456
100k,100008,50006,6441421,cpu_frame_submit_swap,295,0.249
100k,100008,50006,6441421,cpu_frame_submit_swap,296,0.2465
100k,100008,50006,6441421,cpu_frame_submit_swap,297,0.2521
100k,100008,50006,6441421,cpu_frame_submit_swap,298,0.2485
100k,100008,50006,6441421,cpu_frame_submit_swap,299,0.2531
100k,100008,50006,6441421,cpu_frame_submit_swap,300,0.2458
100k,100008,50006,6441421,cpu_frame_submit_swap,301,0.2428
100k,100008,50006,6441421,cpu_frame_submit_swap,302,0.3063
100k,100008,50006,6441421,cpu_frame_submit_swap,303,0.3633
100k,100008,50006,6441421,cpu_frame_submit_swap,304,0.3013
100k,100008,50006,6441421,cpu_frame_submit_swap,305,0.2664
100k,100008,50006,6441421,cpu_frame_submit_swap,306,0.2519
100k,100008,50006,6441421,cpu_frame_submit_swap,307,0.2489
100k,100008,50006,6441421,cpu_frame_submit_swap,308,0.2511
100k,100008,50006,6441421,cpu_frame_submit_swap,309,0.2487
100k,100008,50006,6441421,cpu_frame_submit_swap,310,0.2896
100k,100008,50006,6441421,cpu_frame_submit_swap,311,0.297
100k,100008,50006,6441421,cpu_frame_submit_swap,312,0.2612
100k,100008,50006,6441421,cpu_frame_submit_swap,313,0.2502
100k,100008,50006,6441421,cpu_frame_submit_swap,314,0.2472
100k,100008,50006,6441421,cpu_frame_submit_swap,315,0.3678
100k,100008,50006,6441421,cpu_frame_submit_swap,316,0.2933
100k,100008,50006,6441421,cpu_frame_submit_swap,317,0.251
100k,100008,50006,6441421,cpu_frame_submit_swap,318,0.2475
100k,100008,50006,6441421,cpu_frame_submit_swap,319,0.3203
100k,100008,50006,6441421,cpu_frame_submit_swap,320,0.3024
100k,100008,50006,6441421,cpu_frame_submit_swap,321,0.3131
100k,100008,50006,6441421,cpu_frame_submit_swap,322,0.3607
100k,100008,50006,6441421,cpu_frame_submit_swap,323,0.3038
100k,100008,50006,6441421,cpu_frame_submit_swap,324,0.2671
100k,100008,50006,6441421,cpu_frame_submit_swap,325,0.4472
100k,100008,50006,6441421,cpu_frame_submit_swap,326,0.4116
100k,100008,50006,6441421,cpu_frame_submit_swap,327,0.3464
100k,100008,50006,6441421,cpu_frame_submit_swap,328,0.3647
100k,100008,50006,6441421,cpu_frame_submit_swap,329,0.3274
100k,100008,50006,6441421,cpu_frame_submit_swap,330,0.3137
100k,100008,50006,6441421,cpu_frame_submit_swap,331,0.357
100k,100008,50006,6441421,cpu_frame_submit_swap,332,0.3012
100k,100008,50006,6441421,cpu_frame_submit_swap,333,0.3143
100k,100008,50006,6441421,cpu_frame_submit_swap,334,0.3247
100k,100008,50006,6441421,cpu_frame_submit_swap,335,0.2916
100k,100008,50006,6441421,cpu_frame_submit_swap,336,0.2633
100k,100008,50006,6441421,cpu_frame_submit_swap,337,0.2609
100k,100008,50006,6441421,cpu_frame_submit_swap,338,0.2563
100k,100008,50006,6441421,cpu_frame_submit_swap,339,0.2745
100k,100008,50006,6441421,cpu_frame_submit_swap,340,0.2635
100k,100008,50006,6441421,cpu_frame_submit_swap,341,0.2574
100k,100008,50006,6441421,cpu_frame_submit_swap,342,0.3172
100k,100008,50006,6441421,cpu_frame_submit_swap,343,0.3145
100k,100008,50006,6441421,cpu_frame_submit_swap,344,0.3114
100k,100008,50006,6441421,cpu_frame_submit_swap,345,0.2748
100k,100008,50006,6441421,cpu_frame_submit_swap,346,0.3086
100k,100008,50006,6441421,cpu_frame_submit_swap,347,0.2778
100k,100008,50006,6441421,cpu_frame_submit_swap,348,0.3044
100k,100008,50006,6441421,cpu_frame_submit_swap,349,0.4395
100k,100008,50006,6441421,cpu_frame_submit_swap,350,0.3725
100k,100008,50006,6441421,cpu_frame_submit_swap,351,0.3745
100k,100008,50006,6441421,cpu_frame_submit_swap,352,0.3634
100k,100008,50006,6441421,cpu_frame_submit_swap,353,0.31
100k,100008,50006,6441421,cpu_frame_submit_swap,354,0.314
100k,100008,50006,6441421,cpu_frame_submit_swap,355,0.3453
100k,100008,50006,6441421,cpu_frame_submit_swap,356,0.3306
100k,100008,50006,6441421,cpu_frame_submit_swap,357,0.256
100k,100008,50006,6441421,cpu_frame_submit_swap,358,0.2519
100k,100008,50006,6441421,cpu_frame_submit_swap,359,0.2479
100k,100008,50006,6441421,cpu_frame_submit_swap,360,0.2541
100k,100008,50006,6441421,cpu_frame_submit_swap,361,0.2495
100k,100008,50006,6441421,cpu_frame_submit_swap,362,0.2463
100k,100008,50006,6441421,cpu_frame_submit_swap,363,0.2476
100k,100008,50006,6441421,cpu_frame_submit_swap,364,0.255
100k,100008,50006,6441421,cpu_frame_submit_swap,365,0.2477
100k,100008,50006,6441421,cpu_frame_submit_swap,366,0.2491
100k,100008,50006,6441421,cpu_frame_submit_swap,367,0.2465
100k,100008,50006,6441421,cpu_frame_submit_swap,368,0.344
100k,100008,50006,6441421,cpu_frame_submit_swap,369,0.2783
100k,100008,50006,6441421,cpu_frame_submit_swap,370,0.2981
100k,100008,50006,6441421,cpu_frame_submit_swap,371,0.3357
100k,100008,50006,6441421,cpu_frame_submit_swap,372,0.3336
100k,100008,50006,6441421,cpu_frame_submit_swap,373,0.3272
100k,100008,50006,6441421,cpu_frame_submit_swap,374,0.253
100k,100008,50006,6441421,cpu_frame_submit_swap,375,0.3297
100k,100008,50006,6441421,cpu_frame_submit_swap,376,0.2866
100k,100008,50006,6441421,cpu_frame_submit_swap,377,0.2665
100k,100008,50006,6441421,cpu_frame_submit_swap,378,0.2528
100k,100008,50006,6441421,cpu_frame_submit_swap,379,0.2472
100k,100008,50006,6441421,cpu_frame_submit_swap,380,0.2452
100k,100008,50006,6441421,cpu_frame_submit_swap,381,0.2445
100k,100008,50006,6441421,cpu_frame_submit_swap,382,0.2832
100k,100008,50006,6441421,cpu_frame_submit_swap,383,0.258
100k,100008,50006,6441421,cpu_frame_submit_swap,384,0.25
100k,100008,50006,6441421,cpu_frame_submit_swap,385,0.247
100k,100008,50006,6441421,cpu_frame_submit_swap,386,0.2465
100k,100008,50006,6441421,cpu_frame_submit_swap,387,0.2468
100k,100008,50006,6441421,cpu_frame_submit_swap,388,0.2819
100k,100008,50006,6441421,cpu_frame_submit_swap,389,0.2812
100k,100008,50006,6441421,cpu_frame_submit_swap,390,0.2904
100k,100008,50006,6441421,cpu_frame_submit_swap,391,0.2609
100k,100008,50006,6441421,cpu_frame_submit_swap,392,0.356
100k,100008,50006,6441421,cpu_frame_submit_swap,393,0.3475
100k,100008,50006,6441421,cpu_frame_submit_swap,394,0.2841
100k,100008,50006,6441421,cpu_frame_submit_swap,395,0.2877
100k,100008,50006,6441421,cpu_frame_submit_swap,396,0.252
100k,100008,50006,6441421,cpu_frame_submit_swap,397,0.3808
100k,100008,50006,6441421,cpu_frame_submit_swap,398,0.3019
100k,100008,50006,6441421,cpu_frame_submit_swap,399,0.2623
100k,100008,50006,6441421,cpu_frame_submit_swap,400,0.2822
100k,100008,50006,6441421,cpu_frame_submit_swap,401,0.3366
100k,100008,50006,6441421,cpu_frame_submit_swap,402,0.2593
100k,100008,50006,6441421,cpu_frame_submit_swap,403,0.2615
100k,100008,50006,6441421,cpu_frame_submit_swap,404,0.2795
100k,100008,50006,6441421,cpu_frame_submit_swap,405,0.2577
100k,100008,50006,6441421,cpu_frame_submit_swap,406,0.2486
100k,100008,50006,6441421,cpu_frame_submit_swap,407,0.2559
100k,100008,50006,6441421,cpu_frame_submit_swap,408,0.2464
100k,100008,50006,6441421,cpu_frame_submit_swap,409,0.265
100k,100008,50006,6441421,cpu_frame_submit_swap,410,0.249
100k,100008,50006,6441421,cpu_frame_submit_swap,411,0.2462
100k,100008,50006,6441421,cpu_frame_submit_swap,412,0.2452
100k,100008,50006,6441421,cpu_frame_submit_swap,413,0.2701
100k,100008,50006,6441421,cpu_frame_submit_swap,414,0.2478
100k,100008,50006,6441421,cpu_frame_submit_swap,415,0.2499
100k,100008,50006,6441421,cpu_frame_submit_swap,416,0.2579
100k,100008,50006,6441421,cpu_frame_submit_swap,417,0.2482
100k,100008,50006,6441421,cpu_frame_submit_swap,418,0.2462
100k,100008,50006,6441421,cpu_frame_submit_swap,419,0.2572
100k,100008,50006,6441421,cpu_frame_submit_swap,420,0.248
100k,100008,50006,6441421,cpu_frame_submit_swap,421,0.2635
100k,100008,50006,6441421,cpu_frame_submit_swap,422,0.2492
100k,100008,50006,6441421,cpu_frame_submit_swap,423,0.3398
100k,100008,50006,6441421,cpu_frame_submit_swap,424,0.2796
100k,100008,50006,6441421,cpu_frame_submit_swap,425,0.2577
100k,100008,50006,6441421,cpu_frame_submit_swap,426,0.279
100k,100008,50006,6441421,cpu_frame_submit_swap,427,0.2588
100k,100008,50006,6441421,cpu_frame_submit_swap,428,0.2476
100k,100008,50006,6441421,cpu_frame_submit_swap,429,0.344
100k,100008,50006,6441421,cpu_frame_submit_swap,430,0.3005
100k,100008,50006,6441421,cpu_frame_submit_swap,431,0.2683
100k,100008,50006,6441421,cpu_frame_submit_swap,432,0.2515
100k,100008,50006,6441421,cpu_frame_submit_swap,433,0.2478
100k,100008,50006,6441421,cpu_frame_submit_swap,434,0.4436
100k,100008,50006,6441421,cpu_frame_submit_swap,435,0.4198
100k,100008,50006,6441421,cpu_frame_submit_swap,436,0.3757
100k,100008,50006,6441421,cpu_frame_submit_swap,437,0.3454
100k,100008,50006,6441421,cpu_frame_submit_swap,438,0.3379
100k,100008,50006,6441421,cpu_frame_submit_swap,439,0.2883
100k,100008,50006,6441421,cpu_frame_submit_swap,440,0.2533
100k,100008,50006,6441421,cpu_frame_submit_swap,441,0.2598
100k,100008,50006,6441421,cpu_frame_submit_swap,442,0.2488
100k,100008,50006,6441421,cpu_frame_submit_swap,443,0.2623
100k,100008,50006,6441421,cpu_frame_submit_swap,444,0.3514
100k,100008,50006,6441421,cpu_frame_submit_swap,445,0.2661
100k,100008,50006,6441421,cpu_frame_submit_swap,446,0.3525
100k,100008,50006,6441421,cpu_frame_submit_swap,447,0.3565
100k,100008,50006,6441421,cpu_frame_submit_swap,448,0.2703
100k,100008,50006,6441421,cpu_frame_submit_swap,449,0.2582
100k,100008,50006,6441421,cpu_frame_submit_swap,450,0.258
100k,100008,50006,6441421,cpu_frame_submit_swap,451,0.2497
100k,100008,50006,6441421,cpu_frame_submit_swap,452,0.2514
100k,100008,50006,6441421,cpu_frame_submit_swap,453,0.3003
100k,100008,50006,6441421,cpu_frame_submit_swap,454,0.5002
100k,100008,50006,6441421,cpu_frame_submit_swap,455,0.2902
100k,100008,50006,6441421,cpu_frame_submit_swap,456,0.2605
100k,100008,50006,6441421,cpu_frame_submit_swap,457,0.2565
100k,100008,50006,6441421,cpu_frame_submit_swap,458,0.2739
100k,100008,50006,6441421,cpu_frame_submit_swap,459,0.2545
100k,100008,50006,6441421,cpu_frame_submit_swap,460,0.3186
100k,100008,50006,6441421,cpu_frame_submit_swap,461,0.3132
100k,100008,50006,6441421,cpu_frame_submit_swap,462,0.3737
100k,100008,50006,6441421,cpu_frame_submit_swap,463,0.2925
100k,100008,50006,6441421,cpu_frame_submit_swap,464,0.3003
100k,100008,50006,6441421,cpu_frame_submit_swap,465,0.3109
100k,100008,50006,6441421,cpu_frame_submit_swap,466,0.2755
100k,100008,50006,6441421,cpu_frame_submit_swap,467,0.2476
100k,100008,50006,6441421,cpu_frame_submit_swap,468,0.2515
100k,100008,50006,6441421,cpu_frame_submit_swap,469,0.2469
100k,100008,50006,6441421,cpu_frame_submit_swap,470,0.3396
100k,100008,50006,6441421,cpu_frame_submit_swap,471,0.2813
100k,100008,50006,6441421,cpu_frame_submit_swap,472,0.2864
100k,100008,50006,6441421,cpu_frame_submit_swap,473,0.3353
100k,100008,50006,6441421,cpu_frame_submit_swap,474,0.2531
100k,100008,50006,6441421,cpu_frame_submit_swap,475,0.2612
100k,100008,50006,6441421,cpu_frame_submit_swap,476,0.2496
100k,100008,50006,6441421,cpu_frame_submit_swap,477,0.2448
100k,100008,50006,6441421,cpu_frame_submit_swap,478,0.2482
100k,100008,50006,6441421,cpu_frame_submit_swap,479,0.2554
100k,100008,50006,6441421,cpu_frame_submit_swap,480,0.2762
100k,100008,50006,6441421,cpu_frame_submit_swap,481,0.2849
100k,100008,50006,6441421,cpu_frame_submit_swap,482,0.2685
100k,100008,50006,6441421,cpu_frame_submit_swap,483,0.307
100k,100008,50006,6441421,cpu_frame_submit_swap,484,0.3025
100k,100008,50006,6441421,cpu_frame_submit_swap,485,0.2806
100k,100008,50006,6441421,cpu_frame_submit_swap,486,0.2863
100k,100008,50006,6441421,cpu_frame_submit_swap,487,0.2993
100k,100008,50006,6441421,cpu_frame_submit_swap,488,0.2742
100k,100008,50006,6441421,cpu_frame_submit_swap,489,0.4114
100k,100008,50006,6441421,cpu_frame_submit_swap,490,0.2725
100k,100008,50006,6441421,cpu_frame_submit_swap,491,0.2642
100k,100008,50006,6441421,cpu_frame_submit_swap,492,0.2499
100k,100008,50006,6441421,cpu_frame_submit_swap,493,0.2795
100k,100008,50006,6441421,cpu_frame_submit_swap,494,0.3521
100k,100008,50006,6441421,cpu_frame_submit_swap,495,0.2848
100k,100008,50006,6441421,cpu_frame_submit_swap,496,0.2795
100k,100008,50006,6441421,cpu_frame_submit_swap,497,0.3343
100k,100008,50006,6441421,cpu_frame_submit_swap,498,0.2917
100k,100008,50006,6441421,cpu_frame_submit_swap,499,0.2779
100k,100008,50006,6441421,cpu_frame_submit_swap,500,0.3356
100k,100008,50006,6441421,cpu_frame_submit_swap,501,0.2572
100k,100008,50006,6441421,cpu_frame_submit_swap,502,0.2492
100k,100008,50006,6441421,cpu_frame_submit_swap,503,0.2463
100k,100008,50006,6441421,cpu_frame_submit_swap,504,0.2504
100k,100008,50006,6441421,cpu_frame_submit_swap,505,0.2453
100k,100008,50006,6441421,cpu_frame_submit_swap,506,0.2455
100k,100008,50006,6441421,cpu_frame_submit_swap,507,0.2512
100k,100008,50006,6441421,cpu_frame_submit_swap,508,0.2612
100k,100008,50006,6441421,cpu_frame_submit_swap,509,0.2485
100k,100008,50006,6441421,cpu_frame_submit_swap,510,0.2465
100k,100008,50006,6441421,cpu_frame_submit_swap,511,0.2603
100k,100008,50006,6441421,cpu_frame_submit_swap,512,0.2475
100k,100008,50006,6441421,cpu_frame_submit_swap,513,0.2567
100k,100008,50006,6441421,cpu_frame_submit_swap,514,0.2556
100k,100008,50006,6441421,cpu_frame_submit_swap,515,0.2482
100k,100008,50006,6441421,cpu_frame_submit_swap,516,0.2595
100k,100008,50006,6441421,cpu_frame_submit_swap,517,0.2449
100k,100008,50006,6441421,cpu_frame_submit_swap,518,0.2559
100k,100008,50006,6441421,cpu_frame_submit_swap,519,0.2576
100k,100008,50006,6441421,cpu_frame_submit_swap,520,0.3546
100k,100008,50006,6441421,cpu_frame_submit_swap,521,0.2975
100k,100008,50006,6441421,cpu_frame_submit_swap,522,0.2673
100k,100008,50006,6441421,cpu_frame_submit_swap,523,0.2617
100k,100008,50006,6441421,cpu_frame_submit_swap,524,0.2488
100k,100008,50006,6441421,cpu_frame_submit_swap,525,0.2472
100k,100008,50006,6441421,cpu_frame_submit_swap,526,0.2462
100k,100008,50006,6441421,cpu_frame_submit_swap,527,0.25
100k,100008,50006,6441421,cpu_frame_submit_swap,528,0.2477
100k,100008,50006,6441421,cpu_frame_submit_swap,529,0.2476
100k,100008,50006,6441421,cpu_frame_submit_swap,530,0.2835
100k,100008,50006,6441421,cpu_frame_submit_swap,531,0.2523
100k,100008,50006,6441421,cpu_frame_submit_swap,532,0.2481
100k,100008,50006,6441421,cpu_frame_submit_swap,533,0.2484
100k,100008,50006,6441421,cpu_frame_submit_swap,534,0.2461
100k,100008,50006,6441421,cpu_frame_submit_swap,535,0.3504
100k,100008,50006,6441421,cpu_frame_submit_swap,536,0.2769
100k,100008,50006,6441421,cpu_frame_submit_swap,537,0.4572
100k,100008,50006,6441421,cpu_frame_submit_swap,538,0.461
100k,100008,50006,6441421,cpu_frame_submit_swap,539,0.3886
100k,100008,50006,6441421,cpu_frame_submit_swap,540,0.2807
100k,100008,50006,6441421,cpu_frame_submit_swap,541,0.2559
100k,100008,50006,6441421,cpu_frame_submit_swap,542,0.2512
100k,100008,50006,6441421,cpu_frame_submit_swap,543,0.2725
100k,100008,50006,6441421,cpu_frame_submit_swap,544,0.3684
100k,100008,50006,6441421,cpu_frame_submit_swap,545,0.3376
100k,100008,50006,6441421,cpu_frame_submit_swap,546,0.3633
100k,100008,50006,6441421,cpu_frame_submit_swap,547,0.3274
100k,100008,50006,6441421,cpu_frame_submit_swap,548,0.3108
100k,100008,50006,6441421,cpu_frame_submit_swap,549,0.3161
100k,100008,50006,6441421,cpu_frame_submit_swap,550,0.2881
100k,100008,50006,6441421,cpu_frame_submit_swap,551,0.2938
100k,100008,50006,6441421,cpu_frame_submit_swap,552,0.2706
100k,100008,50006,6441421,cpu_frame_submit_swap,553,0.2504
100k,100008,50006,6441421,cpu_frame_submit_swap,554,0.2605
100k,100008,50006,6441421,cpu_frame_submit_swap,555,0.2625
100k,100008,50006,6441421,cpu_frame_submit_swap,556,0.2461
100k,100008,50006,6441421,cpu_frame_submit_swap,557,0.2595
100k,100008,50006,6441421,cpu_frame_submit_swap,558,0.2494
100k,100008,50006,6441421,cpu_frame_submit_swap,559,0.2474
100k,100008,50006,6441421,cpu_frame_submit_swap,560,0.2655
100k,100008,50006,6441421,cpu_frame_submit_swap,561,0.2464
100k,100008,50006,6441421,cpu_frame_submit_swap,562,0.2707
100k,100008,50006,6441421,cpu_frame_submit_swap,563,0.2496
100k,100008,50006,6441421,cpu_frame_submit_swap,564,0.2457
100k,100008,50006,6441421,cpu_frame_submit_swap,565,0.2549
100k,100008,50006,6441421,cpu_frame_submit_swap,566,0.2499
100k,100008,50006,6441421,cpu_frame_submit_swap,567,0.3431
100k,100008,50006,6441421,cpu_frame_submit_swap,568,0.442
100k,100008,50006,6441421,cpu_frame_submit_swap,569,0.34
100k,100008,50006,6441421,cpu_frame_submit_swap,570,0.3048
100k,100008,50006,6441421,cpu_frame_submit_swap,571,0.2831
100k,100008,50006,6441421,cpu_frame_submit_swap,572,0.2514
100k,100008,50006,6441421,cpu_frame_submit_swap,573,0.2476
100k,100008,50006,6441421,cpu_frame_submit_swap,574,0.2536
100k,100008,50006,6441421,cpu_frame_submit_swap,575,0.248
100k,100008,50006,6441421,cpu_frame_submit_swap,576,0.2585
100k,100008,50006,6441421,cpu_frame_submit_swap,577,0.2555
100k,100008,50006,6441421,cpu_frame_submit_swap,578,0.3391
100k,100008,50006,6441421,cpu_frame_submit_swap,579,0.3162
100k,100008,50006,6441421,cpu_frame_submit_swap,580,0.3151
100k,100008,50006,6441421,cpu_frame_submit_swap,581,0.436
100k,100008,50006,6441421,cpu_frame_submit_swap,582,0.4087
100k,100008,50006,6441421,cpu_frame_submit_swap,583,0.3404
100k,100008,50006,6441421,cpu_frame_submit_swap,584,0.2844
100k,100008,50006,6441421,cpu_frame_submit_swap,585,0.2664
100k,100008,50006,6441421,cpu_frame_submit_swap,586,0.285
100k,100008,50006,6441421,cpu_frame_submit_swap,587,0.4535
100k,100008,50006,6441421,cpu_frame_submit_swap,588,0.4031
100k,100008,50006,6441421,cpu_frame_submit_swap,589,0.278
100k,100008,50006,6441421,cpu_frame_submit_swap,590,0.2878
100k,100008,50006,6441421,cpu_frame_submit_swap,591,0.3864
100k,100008,50006,6441421,cpu_frame_submit_swap,592,0.2606
100k,100008,50006,6441421,cpu_frame_submit_swap,593,0.2595
100k,100008,50006,6441421,cpu_frame_submit_swap,594,0.2487
100k,100008,50006,6441421,cpu_frame_submit_swap,595,0.248
100k,100008,50006,6441421,cpu_frame_submit_swap,596,0.3057
100k,100008,50006,6441421,cpu_frame_submit_swap,597,0.3552
100k,100008,50006,6441421,cpu_frame_submit_swap,598,0.3447
100k,100008,50006,6441421,cpu_frame_submit_swap,599,0.2665
100k,100008,50006,6441421,cpu_frame_submit_swap,600,0.2507
100k,100008,50006,6441421,cpu_picking,1,0.6664
100k,100008,50006,6441421,cpu_picking,2,0.6582
100k,100008,50006,6441421,cpu_picking,3,0.6843
100k,100008,50006,6441421,cpu_picking,4,0.6661
100k,100008,50006,6441421,cpu_picking,5,0.6634
100k,100008,50006,6441421,cpu_picking,6,0.6569
100k,100008,50006,6441421,cpu_picking,7,0.6599
100k,100008,50006,6441421,cpu_picking,8,0.6752
100k,100008,50006,6441421,cpu_picking,9,0.6623
100k,100008,50006,6441421,cpu_picking,10,0.658
500k,500004,250004,33904599,model_load,1,479.73
500k,500004,250004,33904599,model_load,2,472.124
500k,500004,250004,33904599,model_load,3,477.794
500k,500004,250004,33904599,gpu_upload_cpu_observed,1,4.9255
500k,500004,250004,33904599,gpu_upload_cpu_observed,2,3.3148
500k,500004,250004,33904599,gpu_upload_cpu_observed,3,3.4603
500k,500004,250004,33904599,gpu_upload_cpu_observed,4,3.882
500k,500004,250004,33904599,gpu_upload_cpu_observed,5,3.4968
500k,500004,250004,33904599,gpu_upload_cpu_observed,6,3.3099
500k,500004,250004,33904599,gpu_upload_cpu_observed,7,3.3031
500k,500004,250004,33904599,gpu_upload_cpu_observed,8,3.3513
500k,500004,250004,33904599,gpu_upload_cpu_observed,9,3.322
500k,500004,250004,33904599,gpu_upload_cpu_observed,10,3.2658
500k,500004,250004,33904599,cpu_frame_submit_swap,1,0.0561
500k,500004,250004,33904599,cpu_frame_submit_swap,2,0.9566
500k,500004,250004,33904599,cpu_frame_submit_swap,3,0.9444
500k,500004,250004,33904599,cpu_frame_submit_swap,4,0.9735
500k,500004,250004,33904599,cpu_frame_submit_swap,5,1.0317
500k,500004,250004,33904599,cpu_frame_submit_swap,6,0.9749
500k,500004,250004,33904599,cpu_frame_submit_swap,7,0.9512
500k,500004,250004,33904599,cpu_frame_submit_swap,8,0.9406
500k,500004,250004,33904599,cpu_frame_submit_swap,9,0.9436
500k,500004,250004,33904599,cpu_frame_submit_swap,10,1.1609
500k,500004,250004,33904599,cpu_frame_submit_swap,11,0.9798
500k,500004,250004,33904599,cpu_frame_submit_swap,12,1.0385
500k,500004,250004,33904599,cpu_frame_submit_swap,13,1.0328
500k,500004,250004,33904599,cpu_frame_submit_swap,14,0.9591
500k,500004,250004,33904599,cpu_frame_submit_swap,15,0.9725
500k,500004,250004,33904599,cpu_frame_submit_swap,16,0.989
500k,500004,250004,33904599,cpu_frame_submit_swap,17,1.0427
500k,500004,250004,33904599,cpu_frame_submit_swap,18,1.0117
500k,500004,250004,33904599,cpu_frame_submit_swap,19,1.0798
500k,500004,250004,33904599,cpu_frame_submit_swap,20,0.9952
500k,500004,250004,33904599,cpu_frame_submit_swap,21,0.9432
500k,500004,250004,33904599,cpu_frame_submit_swap,22,0.9356
500k,500004,250004,33904599,cpu_frame_submit_swap,23,0.9711
500k,500004,250004,33904599,cpu_frame_submit_swap,24,1.0228
500k,500004,250004,33904599,cpu_frame_submit_swap,25,1.3406
500k,500004,250004,33904599,cpu_frame_submit_swap,26,1.0427
500k,500004,250004,33904599,cpu_frame_submit_swap,27,1.0165
500k,500004,250004,33904599,cpu_frame_submit_swap,28,0.9612
500k,500004,250004,33904599,cpu_frame_submit_swap,29,0.9777
500k,500004,250004,33904599,cpu_frame_submit_swap,30,0.9547
500k,500004,250004,33904599,cpu_frame_submit_swap,31,1.0611
500k,500004,250004,33904599,cpu_frame_submit_swap,32,1.0181
500k,500004,250004,33904599,cpu_frame_submit_swap,33,1.0098
500k,500004,250004,33904599,cpu_frame_submit_swap,34,0.976
500k,500004,250004,33904599,cpu_frame_submit_swap,35,1.0164
500k,500004,250004,33904599,cpu_frame_submit_swap,36,0.9829
500k,500004,250004,33904599,cpu_frame_submit_swap,37,0.9897
500k,500004,250004,33904599,cpu_frame_submit_swap,38,1.0214
500k,500004,250004,33904599,cpu_frame_submit_swap,39,0.9488
500k,500004,250004,33904599,cpu_frame_submit_swap,40,1.021
500k,500004,250004,33904599,cpu_frame_submit_swap,41,1.0193
500k,500004,250004,33904599,cpu_frame_submit_swap,42,0.9866
500k,500004,250004,33904599,cpu_frame_submit_swap,43,0.9514
500k,500004,250004,33904599,cpu_frame_submit_swap,44,0.9555
500k,500004,250004,33904599,cpu_frame_submit_swap,45,0.9537
500k,500004,250004,33904599,cpu_frame_submit_swap,46,0.9368
500k,500004,250004,33904599,cpu_frame_submit_swap,47,1.0065
500k,500004,250004,33904599,cpu_frame_submit_swap,48,0.9497
500k,500004,250004,33904599,cpu_frame_submit_swap,49,0.9656
500k,500004,250004,33904599,cpu_frame_submit_swap,50,0.9581
500k,500004,250004,33904599,cpu_frame_submit_swap,51,0.9497
500k,500004,250004,33904599,cpu_frame_submit_swap,52,0.9906
500k,500004,250004,33904599,cpu_frame_submit_swap,53,1.033
500k,500004,250004,33904599,cpu_frame_submit_swap,54,1.0276
500k,500004,250004,33904599,cpu_frame_submit_swap,55,0.9739
500k,500004,250004,33904599,cpu_frame_submit_swap,56,1.127
500k,500004,250004,33904599,cpu_frame_submit_swap,57,0.9806
500k,500004,250004,33904599,cpu_frame_submit_swap,58,0.9697
500k,500004,250004,33904599,cpu_frame_submit_swap,59,0.99
500k,500004,250004,33904599,cpu_frame_submit_swap,60,0.9615
500k,500004,250004,33904599,cpu_frame_submit_swap,61,1.012
500k,500004,250004,33904599,cpu_frame_submit_swap,62,1.0159
500k,500004,250004,33904599,cpu_frame_submit_swap,63,0.9761
500k,500004,250004,33904599,cpu_frame_submit_swap,64,1.2893
500k,500004,250004,33904599,cpu_frame_submit_swap,65,1.0061
500k,500004,250004,33904599,cpu_frame_submit_swap,66,0.9814
500k,500004,250004,33904599,cpu_frame_submit_swap,67,1.2065
500k,500004,250004,33904599,cpu_frame_submit_swap,68,1.1543
500k,500004,250004,33904599,cpu_frame_submit_swap,69,1.1469
500k,500004,250004,33904599,cpu_frame_submit_swap,70,1.0056
500k,500004,250004,33904599,cpu_frame_submit_swap,71,1.1672
500k,500004,250004,33904599,cpu_frame_submit_swap,72,1.0111
500k,500004,250004,33904599,cpu_frame_submit_swap,73,0.9775
500k,500004,250004,33904599,cpu_frame_submit_swap,74,1.1327
500k,500004,250004,33904599,cpu_frame_submit_swap,75,1.054
500k,500004,250004,33904599,cpu_frame_submit_swap,76,1.0352
500k,500004,250004,33904599,cpu_frame_submit_swap,77,1.0017
500k,500004,250004,33904599,cpu_frame_submit_swap,78,0.9697
500k,500004,250004,33904599,cpu_frame_submit_swap,79,1.0171
500k,500004,250004,33904599,cpu_frame_submit_swap,80,0.9818
500k,500004,250004,33904599,cpu_frame_submit_swap,81,1.099
500k,500004,250004,33904599,cpu_frame_submit_swap,82,0.6165
500k,500004,250004,33904599,cpu_frame_submit_swap,83,0.5005
500k,500004,250004,33904599,cpu_frame_submit_swap,84,0.6397
500k,500004,250004,33904599,cpu_frame_submit_swap,85,0.5851
500k,500004,250004,33904599,cpu_frame_submit_swap,86,0.6003
500k,500004,250004,33904599,cpu_frame_submit_swap,87,0.6176
500k,500004,250004,33904599,cpu_frame_submit_swap,88,0.5776
500k,500004,250004,33904599,cpu_frame_submit_swap,89,0.5634
500k,500004,250004,33904599,cpu_frame_submit_swap,90,0.545
500k,500004,250004,33904599,cpu_frame_submit_swap,91,0.8342
500k,500004,250004,33904599,cpu_frame_submit_swap,92,0.597
500k,500004,250004,33904599,cpu_frame_submit_swap,93,0.5068
500k,500004,250004,33904599,cpu_frame_submit_swap,94,0.6107
500k,500004,250004,33904599,cpu_frame_submit_swap,95,0.6295
500k,500004,250004,33904599,cpu_frame_submit_swap,96,0.5313
500k,500004,250004,33904599,cpu_frame_submit_swap,97,0.5875
500k,500004,250004,33904599,cpu_frame_submit_swap,98,0.5507
500k,500004,250004,33904599,cpu_frame_submit_swap,99,0.5871
500k,500004,250004,33904599,cpu_frame_submit_swap,100,0.5598
500k,500004,250004,33904599,cpu_frame_submit_swap,101,0.6158
500k,500004,250004,33904599,cpu_frame_submit_swap,102,0.5887
500k,500004,250004,33904599,cpu_frame_submit_swap,103,0.5816
500k,500004,250004,33904599,cpu_frame_submit_swap,104,0.697
500k,500004,250004,33904599,cpu_frame_submit_swap,105,0.6192
500k,500004,250004,33904599,cpu_frame_submit_swap,106,0.596
500k,500004,250004,33904599,cpu_frame_submit_swap,107,0.5928
500k,500004,250004,33904599,cpu_frame_submit_swap,108,0.5533
500k,500004,250004,33904599,cpu_frame_submit_swap,109,0.4955
500k,500004,250004,33904599,cpu_frame_submit_swap,110,0.4826
500k,500004,250004,33904599,cpu_frame_submit_swap,111,0.6207
500k,500004,250004,33904599,cpu_frame_submit_swap,112,0.5753
500k,500004,250004,33904599,cpu_frame_submit_swap,113,0.5305
500k,500004,250004,33904599,cpu_frame_submit_swap,114,0.5404
500k,500004,250004,33904599,cpu_frame_submit_swap,115,0.7233
500k,500004,250004,33904599,cpu_frame_submit_swap,116,0.7156
500k,500004,250004,33904599,cpu_frame_submit_swap,117,0.7198
500k,500004,250004,33904599,cpu_frame_submit_swap,118,0.6658
500k,500004,250004,33904599,cpu_frame_submit_swap,119,0.5923
500k,500004,250004,33904599,cpu_frame_submit_swap,120,0.6103
500k,500004,250004,33904599,cpu_frame_submit_swap,121,0.5802
500k,500004,250004,33904599,cpu_frame_submit_swap,122,0.619
500k,500004,250004,33904599,cpu_frame_submit_swap,123,0.5378
500k,500004,250004,33904599,cpu_frame_submit_swap,124,0.5377
500k,500004,250004,33904599,cpu_frame_submit_swap,125,0.5923
500k,500004,250004,33904599,cpu_frame_submit_swap,126,0.5969
500k,500004,250004,33904599,cpu_frame_submit_swap,127,0.6544
500k,500004,250004,33904599,cpu_frame_submit_swap,128,0.6004
500k,500004,250004,33904599,cpu_frame_submit_swap,129,0.5651
500k,500004,250004,33904599,cpu_frame_submit_swap,130,0.5159
500k,500004,250004,33904599,cpu_frame_submit_swap,131,0.6483
500k,500004,250004,33904599,cpu_frame_submit_swap,132,0.6777
500k,500004,250004,33904599,cpu_frame_submit_swap,133,0.5801
500k,500004,250004,33904599,cpu_frame_submit_swap,134,0.567
500k,500004,250004,33904599,cpu_frame_submit_swap,135,0.5214
500k,500004,250004,33904599,cpu_frame_submit_swap,136,0.5465
500k,500004,250004,33904599,cpu_frame_submit_swap,137,0.5314
500k,500004,250004,33904599,cpu_frame_submit_swap,138,0.6649
500k,500004,250004,33904599,cpu_frame_submit_swap,139,0.503
500k,500004,250004,33904599,cpu_frame_submit_swap,140,0.4862
500k,500004,250004,33904599,cpu_frame_submit_swap,141,0.5476
500k,500004,250004,33904599,cpu_frame_submit_swap,142,0.6048
500k,500004,250004,33904599,cpu_frame_submit_swap,143,0.6285
500k,500004,250004,33904599,cpu_frame_submit_swap,144,0.5807
500k,500004,250004,33904599,cpu_frame_submit_swap,145,0.5827
500k,500004,250004,33904599,cpu_frame_submit_swap,146,0.6802
500k,500004,250004,33904599,cpu_frame_submit_swap,147,0.5898
500k,500004,250004,33904599,cpu_frame_submit_swap,148,0.5167
500k,500004,250004,33904599,cpu_frame_submit_swap,149,0.4947
500k,500004,250004,33904599,cpu_frame_submit_swap,150,0.743
500k,500004,250004,33904599,cpu_frame_submit_swap,151,0.7394
500k,500004,250004,33904599,cpu_frame_submit_swap,152,0.5265
500k,500004,250004,33904599,cpu_frame_submit_swap,153,0.5117
500k,500004,250004,33904599,cpu_frame_submit_swap,154,0.4843
500k,500004,250004,33904599,cpu_frame_submit_swap,155,0.5633
500k,500004,250004,33904599,cpu_frame_submit_swap,156,0.5253
500k,500004,250004,33904599,cpu_frame_submit_swap,157,0.4844
500k,500004,250004,33904599,cpu_frame_submit_swap,158,0.4794
500k,500004,250004,33904599,cpu_frame_submit_swap,159,0.5492
500k,500004,250004,33904599,cpu_frame_submit_swap,160,0.5219
500k,500004,250004,33904599,cpu_frame_submit_swap,161,0.4927
500k,500004,250004,33904599,cpu_frame_submit_swap,162,0.498
500k,500004,250004,33904599,cpu_frame_submit_swap,163,0.6495
500k,500004,250004,33904599,cpu_frame_submit_swap,164,0.6417
500k,500004,250004,33904599,cpu_frame_submit_swap,165,0.5403
500k,500004,250004,33904599,cpu_frame_submit_swap,166,0.4871
500k,500004,250004,33904599,cpu_frame_submit_swap,167,0.4804
500k,500004,250004,33904599,cpu_frame_submit_swap,168,0.5781
500k,500004,250004,33904599,cpu_frame_submit_swap,169,0.5244
500k,500004,250004,33904599,cpu_frame_submit_swap,170,0.8608
500k,500004,250004,33904599,cpu_frame_submit_swap,171,0.6699
500k,500004,250004,33904599,cpu_frame_submit_swap,172,0.6827
500k,500004,250004,33904599,cpu_frame_submit_swap,173,0.6672
500k,500004,250004,33904599,cpu_frame_submit_swap,174,0.6647
500k,500004,250004,33904599,cpu_frame_submit_swap,175,0.5624
500k,500004,250004,33904599,cpu_frame_submit_swap,176,0.5167
500k,500004,250004,33904599,cpu_frame_submit_swap,177,0.5665
500k,500004,250004,33904599,cpu_frame_submit_swap,178,0.623
500k,500004,250004,33904599,cpu_frame_submit_swap,179,0.6061
500k,500004,250004,33904599,cpu_frame_submit_swap,180,0.538
500k,500004,250004,33904599,cpu_frame_submit_swap,181,0.5003
500k,500004,250004,33904599,cpu_frame_submit_swap,182,0.5099
500k,500004,250004,33904599,cpu_frame_submit_swap,183,0.5011
500k,500004,250004,33904599,cpu_frame_submit_swap,184,0.4949
500k,500004,250004,33904599,cpu_frame_submit_swap,185,0.4985
500k,500004,250004,33904599,cpu_frame_submit_swap,186,0.4927
500k,500004,250004,33904599,cpu_frame_submit_swap,187,0.6661
500k,500004,250004,33904599,cpu_frame_submit_swap,188,0.5725
500k,500004,250004,33904599,cpu_frame_submit_swap,189,0.5259
500k,500004,250004,33904599,cpu_frame_submit_swap,190,0.5923
500k,500004,250004,33904599,cpu_frame_submit_swap,191,0.5234
500k,500004,250004,33904599,cpu_frame_submit_swap,192,0.5791
500k,500004,250004,33904599,cpu_frame_submit_swap,193,0.5333
500k,500004,250004,33904599,cpu_frame_submit_swap,194,0.5143
500k,500004,250004,33904599,cpu_frame_submit_swap,195,0.5494
500k,500004,250004,33904599,cpu_frame_submit_swap,196,0.5053
500k,500004,250004,33904599,cpu_frame_submit_swap,197,0.6472
500k,500004,250004,33904599,cpu_frame_submit_swap,198,0.5525
500k,500004,250004,33904599,cpu_frame_submit_swap,199,0.5162
500k,500004,250004,33904599,cpu_frame_submit_swap,200,0.5574
500k,500004,250004,33904599,cpu_frame_submit_swap,201,0.7154
500k,500004,250004,33904599,cpu_frame_submit_swap,202,0.5674
500k,500004,250004,33904599,cpu_frame_submit_swap,203,0.5112
500k,500004,250004,33904599,cpu_frame_submit_swap,204,0.4909
500k,500004,250004,33904599,cpu_frame_submit_swap,205,0.5252
500k,500004,250004,33904599,cpu_frame_submit_swap,206,0.5139
500k,500004,250004,33904599,cpu_frame_submit_swap,207,0.4921
500k,500004,250004,33904599,cpu_frame_submit_swap,208,0.5504
500k,500004,250004,33904599,cpu_frame_submit_swap,209,0.5926
500k,500004,250004,33904599,cpu_frame_submit_swap,210,0.5193
500k,500004,250004,33904599,cpu_frame_submit_swap,211,0.4951
500k,500004,250004,33904599,cpu_frame_submit_swap,212,0.5981
500k,500004,250004,33904599,cpu_frame_submit_swap,213,0.5025
500k,500004,250004,33904599,cpu_frame_submit_swap,214,0.4924
500k,500004,250004,33904599,cpu_frame_submit_swap,215,0.5005
500k,500004,250004,33904599,cpu_frame_submit_swap,216,0.4904
500k,500004,250004,33904599,cpu_frame_submit_swap,217,0.4936
500k,500004,250004,33904599,cpu_frame_submit_swap,218,0.5566
500k,500004,250004,33904599,cpu_frame_submit_swap,219,0.5548
500k,500004,250004,33904599,cpu_frame_submit_swap,220,0.7069
500k,500004,250004,33904599,cpu_frame_submit_swap,221,0.5254
500k,500004,250004,33904599,cpu_frame_submit_swap,222,0.4827
500k,500004,250004,33904599,cpu_frame_submit_swap,223,0.539
500k,500004,250004,33904599,cpu_frame_submit_swap,224,0.5332
500k,500004,250004,33904599,cpu_frame_submit_swap,225,0.6364
500k,500004,250004,33904599,cpu_frame_submit_swap,226,0.5836
500k,500004,250004,33904599,cpu_frame_submit_swap,227,0.5371
500k,500004,250004,33904599,cpu_frame_submit_swap,228,0.5355
500k,500004,250004,33904599,cpu_frame_submit_swap,229,0.5314
500k,500004,250004,33904599,cpu_frame_submit_swap,230,0.5588
500k,500004,250004,33904599,cpu_frame_submit_swap,231,0.5349
500k,500004,250004,33904599,cpu_frame_submit_swap,232,0.5083
500k,500004,250004,33904599,cpu_frame_submit_swap,233,0.4942
500k,500004,250004,33904599,cpu_frame_submit_swap,234,0.4879
500k,500004,250004,33904599,cpu_frame_submit_swap,235,0.4828
500k,500004,250004,33904599,cpu_frame_submit_swap,236,0.5072
500k,500004,250004,33904599,cpu_frame_submit_swap,237,0.4837
500k,500004,250004,33904599,cpu_frame_submit_swap,238,0.5776
500k,500004,250004,33904599,cpu_frame_submit_swap,239,0.5263
500k,500004,250004,33904599,cpu_frame_submit_swap,240,0.4835
500k,500004,250004,33904599,cpu_frame_submit_swap,241,0.7244
500k,500004,250004,33904599,cpu_frame_submit_swap,242,0.5228
500k,500004,250004,33904599,cpu_frame_submit_swap,243,0.4856
500k,500004,250004,33904599,cpu_frame_submit_swap,244,0.4849
500k,500004,250004,33904599,cpu_frame_submit_swap,245,0.4867
500k,500004,250004,33904599,cpu_frame_submit_swap,246,0.476
500k,500004,250004,33904599,cpu_frame_submit_swap,247,0.4759
500k,500004,250004,33904599,cpu_frame_submit_swap,248,0.4795
500k,500004,250004,33904599,cpu_frame_submit_swap,249,0.4753
500k,500004,250004,33904599,cpu_frame_submit_swap,250,0.4744
500k,500004,250004,33904599,cpu_frame_submit_swap,251,0.4774
500k,500004,250004,33904599,cpu_frame_submit_swap,252,0.5843
500k,500004,250004,33904599,cpu_frame_submit_swap,253,0.5163
500k,500004,250004,33904599,cpu_frame_submit_swap,254,0.4985
500k,500004,250004,33904599,cpu_frame_submit_swap,255,0.5431
500k,500004,250004,33904599,cpu_frame_submit_swap,256,0.4977
500k,500004,250004,33904599,cpu_frame_submit_swap,257,0.4838
500k,500004,250004,33904599,cpu_frame_submit_swap,258,0.4805
500k,500004,250004,33904599,cpu_frame_submit_swap,259,0.4796
500k,500004,250004,33904599,cpu_frame_submit_swap,260,0.4797
500k,500004,250004,33904599,cpu_frame_submit_swap,261,0.5073
500k,500004,250004,33904599,cpu_frame_submit_swap,262,0.4786
500k,500004,250004,33904599,cpu_frame_submit_swap,263,0.4996
500k,500004,250004,33904599,cpu_frame_submit_swap,264,0.541
500k,500004,250004,33904599,cpu_frame_submit_swap,265,0.4882
500k,500004,250004,33904599,cpu_frame_submit_swap,266,0.5642
500k,500004,250004,33904599,cpu_frame_submit_swap,267,0.5178
500k,500004,250004,33904599,cpu_frame_submit_swap,268,0.485
500k,500004,250004,33904599,cpu_frame_submit_swap,269,0.4798
500k,500004,250004,33904599,cpu_frame_submit_swap,270,0.4793
500k,500004,250004,33904599,cpu_frame_submit_swap,271,0.4813
500k,500004,250004,33904599,cpu_frame_submit_swap,272,0.4796
500k,500004,250004,33904599,cpu_frame_submit_swap,273,0.4869
500k,500004,250004,33904599,cpu_frame_submit_swap,274,0.4779
500k,500004,250004,33904599,cpu_frame_submit_swap,275,0.4791
500k,500004,250004,33904599,cpu_frame_submit_swap,276,0.4787
500k,500004,250004,33904599,cpu_frame_submit_swap,277,0.4777
500k,500004,250004,33904599,cpu_frame_submit_swap,278,0.4967
500k,500004,250004,33904599,cpu_frame_submit_swap,279,0.4797
500k,500004,250004,33904599,cpu_frame_submit_swap,280,0.5674
500k,500004,250004,33904599,cpu_frame_submit_swap,281,0.5096
500k,500004,250004,33904599,cpu_frame_submit_swap,282,0.4834
500k,500004,250004,33904599,cpu_frame_submit_swap,283,0.494
500k,500004,250004,33904599,cpu_frame_submit_swap,284,0.493
500k,500004,250004,33904599,cpu_frame_submit_swap,285,0.4806
500k,500004,250004,33904599,cpu_frame_submit_swap,286,0.4812
500k,500004,250004,33904599,cpu_frame_submit_swap,287,0.6588
500k,500004,250004,33904599,cpu_frame_submit_swap,288,0.5001
500k,500004,250004,33904599,cpu_frame_submit_swap,289,0.4835
500k,500004,250004,33904599,cpu_frame_submit_swap,290,0.7158
500k,500004,250004,33904599,cpu_frame_submit_swap,291,0.5387
500k,500004,250004,33904599,cpu_frame_submit_swap,292,0.4838
500k,500004,250004,33904599,cpu_frame_submit_swap,293,0.5597
500k,500004,250004,33904599,cpu_frame_submit_swap,294,0.5084
500k,500004,250004,33904599,cpu_frame_submit_swap,295,0.4905
500k,500004,250004,33904599,cpu_frame_submit_swap,296,0.4895
500k,500004,250004,33904599,cpu_frame_submit_swap,297,0.4812
500k,500004,250004,33904599,cpu_frame_submit_swap,298,0.4852
500k,500004,250004,33904599,cpu_frame_submit_swap,299,0.48
500k,500004,250004,33904599,cpu_frame_submit_swap,300,0.4791
500k,500004,250004,33904599,cpu_frame_submit_swap,301,0.4876
500k,500004,250004,33904599,cpu_frame_submit_swap,302,0.5561
500k,500004,250004,33904599,cpu_frame_submit_swap,303,0.4955
500k,500004,250004,33904599,cpu_frame_submit_swap,304,0.4928
500k,500004,250004,33904599,cpu_frame_submit_swap,305,0.4788
500k,500004,250004,33904599,cpu_frame_submit_swap,306,0.4796
500k,500004,250004,33904599,cpu_frame_submit_swap,307,0.5986
500k,500004,250004,33904599,cpu_frame_submit_swap,308,0.5329
500k,500004,250004,33904599,cpu_frame_submit_swap,309,0.5009
500k,500004,250004,33904599,cpu_frame_submit_swap,310,0.4814
500k,500004,250004,33904599,cpu_frame_submit_swap,311,0.4809
500k,500004,250004,33904599,cpu_frame_submit_swap,312,0.4872
500k,500004,250004,33904599,cpu_frame_submit_swap,313,0.6302
500k,500004,250004,33904599,cpu_frame_submit_swap,314,0.6093
500k,500004,250004,33904599,cpu_frame_submit_swap,315,0.5002
500k,500004,250004,33904599,cpu_frame_submit_swap,316,0.7985
500k,500004,250004,33904599,cpu_frame_submit_swap,317,0.5968
500k,500004,250004,33904599,cpu_frame_submit_swap,318,0.5153
500k,500004,250004,33904599,cpu_frame_submit_swap,319,0.5916
500k,500004,250004,33904599,cpu_frame_submit_swap,320,0.5335
500k,500004,250004,33904599,cpu_frame_submit_swap,321,0.4843
500k,500004,250004,33904599,cpu_frame_submit_swap,322,0.4854
500k,500004,250004,33904599,cpu_frame_submit_swap,323,0.5029
500k,500004,250004,33904599,cpu_frame_submit_swap,324,0.4792
500k,500004,250004,33904599,cpu_frame_submit_swap,325,0.4856
500k,500004,250004,33904599,cpu_frame_submit_swap,326,0.4743
500k,500004,250004,33904599,cpu_frame_submit_swap,327,0.4861
500k,500004,250004,33904599,cpu_frame_submit_swap,328,0.4761
500k,500004,250004,33904599,cpu_frame_submit_swap,329,0.4776
500k,500004,250004,33904599,cpu_frame_submit_swap,330,0.4878
500k,500004,250004,33904599,cpu_frame_submit_swap,331,0.5606
500k,500004,250004,33904599,cpu_frame_submit_swap,332,0.5918
500k,500004,250004,33904599,cpu_frame_submit_swap,333,0.641
500k,500004,250004,33904599,cpu_frame_submit_swap,334,0.5118
500k,500004,250004,33904599,cpu_frame_submit_swap,335,0.486
500k,500004,250004,33904599,cpu_frame_submit_swap,336,0.4809
500k,500004,250004,33904599,cpu_frame_submit_swap,337,0.5005
500k,500004,250004,33904599,cpu_frame_submit_swap,338,0.5418
500k,500004,250004,33904599,cpu_frame_submit_swap,339,0.4779
500k,500004,250004,33904599,cpu_frame_submit_swap,340,0.5068
500k,500004,250004,33904599,cpu_frame_submit_swap,341,0.4786
500k,500004,250004,33904599,cpu_frame_submit_swap,342,0.4782
500k,500004,250004,33904599,cpu_frame_submit_swap,343,0.4873
500k,500004,250004,33904599,cpu_frame_submit_swap,344,0.4769
500k,500004,250004,33904599,cpu_frame_submit_swap,345,0.478
500k,500004,250004,33904599,cpu_frame_submit_swap,346,0.5095
500k,500004,250004,33904599,cpu_frame_submit_swap,347,0.6027
500k,500004,250004,33904599,cpu_frame_submit_swap,348,0.4994
500k,500004,250004,33904599,cpu_frame_submit_swap,349,0.5159
500k,500004,250004,33904599,cpu_frame_submit_swap,350,0.5361
500k,500004,250004,33904599,cpu_frame_submit_swap,351,0.5084
500k,500004,250004,33904599,cpu_frame_submit_swap,352,0.4928
500k,500004,250004,33904599,cpu_frame_submit_swap,353,0.497
500k,500004,250004,33904599,cpu_frame_submit_swap,354,0.4922
500k,500004,250004,33904599,cpu_frame_submit_swap,355,0.494
500k,500004,250004,33904599,cpu_frame_submit_swap,356,0.491
500k,500004,250004,33904599,cpu_frame_submit_swap,357,0.5064
500k,500004,250004,33904599,cpu_frame_submit_swap,358,0.4932
500k,500004,250004,33904599,cpu_frame_submit_swap,359,0.4901
500k,500004,250004,33904599,cpu_frame_submit_swap,360,0.6208
500k,500004,250004,33904599,cpu_frame_submit_swap,361,0.5023
500k,500004,250004,33904599,cpu_frame_submit_swap,362,0.4919
500k,500004,250004,33904599,cpu_frame_submit_swap,363,0.4892
500k,500004,250004,33904599,cpu_frame_submit_swap,364,0.4919
500k,500004,250004,33904599,cpu_frame_submit_swap,365,0.6829
500k,500004,250004,33904599,cpu_frame_submit_swap,366,0.5969
500k,500004,250004,33904599,cpu_frame_submit_swap,367,0.4829
500k,500004,250004,33904599,cpu_frame_submit_swap,368,0.4835
500k,500004,250004,33904599,cpu_frame_submit_swap,369,0.4958
500k,500004,250004,33904599,cpu_frame_submit_swap,370,0.4806
500k,500004,250004,33904599,cpu_frame_submit_swap,371,0.4893
500k,500004,250004,33904599,cpu_frame_submit_swap,372,0.5861
500k,500004,250004,33904599,cpu_frame_submit_swap,373,0.7341
500k,500004,250004,33904599,cpu_frame_submit_swap,374,0.5582
500k,500004,250004,33904599,cpu_frame_submit_swap,375,0.4879
500k,500004,250004,33904599,cpu_frame_submit_swap,376,0.4823
500k,500004,250004,33904599,cpu_frame_submit_swap,377,0.5487
500k,500004,250004,33904599,cpu_frame_submit_swap,378,0.4991
500k,500004,250004,33904599,cpu_frame_submit_swap,379,0.4839
500k,500004,250004,33904599,cpu_frame_submit_swap,380,0.5672
500k,500004,250004,33904599,cpu_frame_submit_swap,381,0.5833
500k,500004,250004,33904599,cpu_frame_submit_swap,382,0.4878
500k,500004,250004,33904599,cpu_frame_submit_swap,383,0.4824
500k,500004,250004,33904599,cpu_frame_submit_swap,384,0.497
500k,500004,250004,33904599,cpu_frame_submit_swap,385,0.4795
500k,500004,250004,33904599,cpu_frame_submit_swap,386,0.4773
500k,500004,250004,33904599,cpu_frame_submit_swap,387,0.5543
500k,500004,250004,33904599,cpu_frame_submit_swap,388,0.5099
500k,500004,250004,33904599,cpu_frame_submit_swap,389,0.4841
500k,500004,250004,33904599,cpu_frame_submit_swap,390,0.4831
500k,500004,250004,33904599,cpu_frame_submit_swap,391,0.4797
500k,500004,250004,33904599,cpu_frame_submit_swap,392,0.4794
500k,500004,250004,33904599,cpu_frame_submit_swap,393,0.4773
500k,500004,250004,33904599,cpu_frame_submit_swap,394,0.4776
500k,500004,250004,33904599,cpu_frame_submit_swap,395,0.4768
500k,500004,250004,33904599,cpu_frame_submit_swap,396,0.4798
500k,500004,250004,33904599,cpu_frame_submit_swap,397,0.4777
500k,500004,250004,33904599,cpu_frame_submit_swap,398,0.4764
500k,500004,250004,33904599,cpu_frame_submit_swap,399,0.4845
500k,500004,250004,33904599,cpu_frame_submit_swap,400,0.4781
500k,500004,250004,33904599,cpu_frame_submit_swap,401,0.5501
500k,500004,250004,33904599,cpu_frame_submit_swap,402,0.5186
500k,500004,250004,33904599,cpu_frame_submit_swap,403,0.4833
500k,500004,250004,33904599,cpu_frame_submit_swap,404,0.4817
500k,500004,250004,33904599,cpu_frame_submit_swap,405,0.507
500k,500004,250004,33904599,cpu_frame_submit_swap,406,0.4787
500k,500004,250004,33904599,cpu_frame_submit_swap,407,0.4777
500k,500004,250004,33904599,cpu_frame_submit_swap,408,0.5894
500k,500004,250004,33904599,cpu_frame_submit_swap,409,0.5616
500k,500004,250004,33904599,cpu_frame_submit_swap,410,0.5284
500k,500004,250004,33904599,cpu_frame_submit_swap,411,0.4845
500k,500004,250004,33904599,cpu_frame_submit_swap,412,0.4889
500k,500004,250004,33904599,cpu_frame_submit_swap,413,0.4828
500k,500004,250004,33904599,cpu_frame_submit_swap,414,0.4787
500k,500004,250004,33904599,cpu_frame_submit_swap,415,0.5769
500k,500004,250004,33904599,cpu_frame_submit_swap,416,0.5217
500k,500004,250004,33904599,cpu_frame_submit_swap,417,0.4859
500k,500004,250004,33904599,cpu_frame_submit_swap,418,0.4822
500k,500004,250004,33904599,cpu_frame_submit_swap,419,0.4818
500k,500004,250004,33904599,cpu_frame_submit_swap,420,0.4783
500k,500004,250004,33904599,cpu_frame_submit_swap,421,0.4899
500k,500004,250004,33904599,cpu_frame_submit_swap,422,0.4783
500k,500004,250004,33904599,cpu_frame_submit_swap,423,0.4802
500k,500004,250004,33904599,cpu_frame_submit_swap,424,0.4765
500k,500004,250004,33904599,cpu_frame_submit_swap,425,0.4788
500k,500004,250004,33904599,cpu_frame_submit_swap,426,0.4771
500k,500004,250004,33904599,cpu_frame_submit_swap,427,0.482
500k,500004,250004,33904599,cpu_frame_submit_swap,428,0.4776
500k,500004,250004,33904599,cpu_frame_submit_swap,429,0.5675
500k,500004,250004,33904599,cpu_frame_submit_swap,430,0.5298
500k,500004,250004,33904599,cpu_frame_submit_swap,431,0.5134
500k,500004,250004,33904599,cpu_frame_submit_swap,432,0.4944
500k,500004,250004,33904599,cpu_frame_submit_swap,433,0.4827
500k,500004,250004,33904599,cpu_frame_submit_swap,434,0.4791
500k,500004,250004,33904599,cpu_frame_submit_swap,435,0.4788
500k,500004,250004,33904599,cpu_frame_submit_swap,436,0.4809
500k,500004,250004,33904599,cpu_frame_submit_swap,437,0.4806
500k,500004,250004,33904599,cpu_frame_submit_swap,438,0.5898
500k,500004,250004,33904599,cpu_frame_submit_swap,439,0.5329
500k,500004,250004,33904599,cpu_frame_submit_swap,440,0.4948
500k,500004,250004,33904599,cpu_frame_submit_swap,441,0.5058
500k,500004,250004,33904599,cpu_frame_submit_swap,442,0.5758
500k,500004,250004,33904599,cpu_frame_submit_swap,443,0.5314
500k,500004,250004,33904599,cpu_frame_submit_swap,444,0.5492
500k,500004,250004,33904599,cpu_frame_submit_swap,445,0.5058
500k,500004,250004,33904599,cpu_frame_submit_swap,446,0.4951
500k,500004,250004,33904599,cpu_frame_submit_swap,447,0.5048
500k,500004,250004,33904599,cpu_frame_submit_swap,448,0.4921
500k,500004,250004,33904599,cpu_frame_submit_swap,449,0.4925
500k,500004,250004,33904599,cpu_frame_submit_swap,450,0.4903
500k,500004,250004,33904599,cpu_frame_submit_swap,451,0.4894
500k,500004,250004,33904599,cpu_frame_submit_swap,452,0.4876
500k,500004,250004,33904599,cpu_frame_submit_swap,453,0.4915
500k,500004,250004,33904599,cpu_frame_submit_swap,454,0.4885
500k,500004,250004,33904599,cpu_frame_submit_swap,455,0.4886
500k,500004,250004,33904599,cpu_frame_submit_swap,456,0.5145
500k,500004,250004,33904599,cpu_frame_submit_swap,457,0.4995
500k,500004,250004,33904599,cpu_frame_submit_swap,458,0.4922
500k,500004,250004,33904599,cpu_frame_submit_swap,459,0.4902
500k,500004,250004,33904599,cpu_frame_submit_swap,460,0.5293
500k,500004,250004,33904599,cpu_frame_submit_swap,461,0.5703
500k,500004,250004,33904599,cpu_frame_submit_swap,462,0.6794
500k,500004,250004,33904599,cpu_frame_submit_swap,463,0.5266
500k,500004,250004,33904599,cpu_frame_submit_swap,464,0.4925
500k,500004,250004,33904599,cpu_frame_submit_swap,465,0.4887
500k,500004,250004,33904599,cpu_frame_submit_swap,466,0.4808
500k,500004,250004,33904599,cpu_frame_submit_swap,467,0.4783
500k,500004,250004,33904599,cpu_frame_submit_swap,468,0.5597
500k,500004,250004,33904599,cpu_frame_submit_swap,469,0.624
500k,500004,250004,33904599,cpu_frame_submit_swap,470,0.5332
500k,500004,250004,33904599,cpu_frame_submit_swap,471,0.5044
500k,500004,250004,33904599,cpu_frame_submit_swap,472,0.4887
500k,500004,250004,33904599,cpu_frame_submit_swap,473,0.587
500k,500004,250004,33904599,cpu_frame_submit_swap,474,0.5767
500k,500004,250004,33904599,cpu_frame_submit_swap,475,0.4829
500k,500004,250004,33904599,cpu_frame_submit_swap,476,0.4922
500k,500004,250004,33904599,cpu_frame_submit_swap,477,0.4795
500k,500004,250004,33904599,cpu_frame_submit_swap,478,0.4883
500k,500004,250004,33904599,cpu_frame_submit_swap,479,0.4779
500k,500004,250004,33904599,cpu_frame_submit_swap,480,0.48
500k,500004,250004,33904599,cpu_frame_submit_swap,481,0.4785
500k,500004,250004,33904599,cpu_frame_submit_swap,482,0.4785
500k,500004,250004,33904599,cpu_frame_submit_swap,483,0.5579
500k,500004,250004,33904599,cpu_frame_submit_swap,484,0.5099
500k,500004,250004,33904599,cpu_frame_submit_swap,485,0.486
500k,500004,250004,33904599,cpu_frame_submit_swap,486,0.4871
500k,500004,250004,33904599,cpu_frame_submit_swap,487,0.4799
500k,500004,250004,33904599,cpu_frame_submit_swap,488,0.4817
500k,500004,250004,33904599,cpu_frame_submit_swap,489,0.4778
500k,500004,250004,33904599,cpu_frame_submit_swap,490,0.4765
500k,500004,250004,33904599,cpu_frame_submit_swap,491,0.4759
500k,500004,250004,33904599,cpu_frame_submit_swap,492,0.4813
500k,500004,250004,33904599,cpu_frame_submit_swap,493,0.4805
500k,500004,250004,33904599,cpu_frame_submit_swap,494,0.4783
500k,500004,250004,33904599,cpu_frame_submit_swap,495,0.4782
500k,500004,250004,33904599,cpu_frame_submit_swap,496,0.4776
500k,500004,250004,33904599,cpu_frame_submit_swap,497,0.5157
500k,500004,250004,33904599,cpu_frame_submit_swap,498,0.5755
500k,500004,250004,33904599,cpu_frame_submit_swap,499,0.5903
500k,500004,250004,33904599,cpu_frame_submit_swap,500,0.5409
500k,500004,250004,33904599,cpu_frame_submit_swap,501,0.5029
500k,500004,250004,33904599,cpu_frame_submit_swap,502,0.5
500k,500004,250004,33904599,cpu_frame_submit_swap,503,0.4835
500k,500004,250004,33904599,cpu_frame_submit_swap,504,0.4876
500k,500004,250004,33904599,cpu_frame_submit_swap,505,0.4792
500k,500004,250004,33904599,cpu_frame_submit_swap,506,0.4929
500k,500004,250004,33904599,cpu_frame_submit_swap,507,0.4803
500k,500004,250004,33904599,cpu_frame_submit_swap,508,0.479
500k,500004,250004,33904599,cpu_frame_submit_swap,509,0.478
500k,500004,250004,33904599,cpu_frame_submit_swap,510,0.4793
500k,500004,250004,33904599,cpu_frame_submit_swap,511,0.5606
500k,500004,250004,33904599,cpu_frame_submit_swap,512,0.5065
500k,500004,250004,33904599,cpu_frame_submit_swap,513,0.4825
500k,500004,250004,33904599,cpu_frame_submit_swap,514,0.4805
500k,500004,250004,33904599,cpu_frame_submit_swap,515,0.4787
500k,500004,250004,33904599,cpu_frame_submit_swap,516,0.4774
500k,500004,250004,33904599,cpu_frame_submit_swap,517,0.4757
500k,500004,250004,33904599,cpu_frame_submit_swap,518,0.4849
500k,500004,250004,33904599,cpu_frame_submit_swap,519,0.5096
500k,500004,250004,33904599,cpu_frame_submit_swap,520,0.4905
500k,500004,250004,33904599,cpu_frame_submit_swap,521,0.4789
500k,500004,250004,33904599,cpu_frame_submit_swap,522,0.4769
500k,500004,250004,33904599,cpu_frame_submit_swap,523,0.4789
500k,500004,250004,33904599,cpu_frame_submit_swap,524,0.4779
500k,500004,250004,33904599,cpu_frame_submit_swap,525,0.5656
500k,500004,250004,33904599,cpu_frame_submit_swap,526,0.5302
500k,500004,250004,33904599,cpu_frame_submit_swap,527,0.4855
500k,500004,250004,33904599,cpu_frame_submit_swap,528,0.4784
500k,500004,250004,33904599,cpu_frame_submit_swap,529,0.5419
500k,500004,250004,33904599,cpu_frame_submit_swap,530,0.4972
500k,500004,250004,33904599,cpu_frame_submit_swap,531,0.5942
500k,500004,250004,33904599,cpu_frame_submit_swap,532,0.486
500k,500004,250004,33904599,cpu_frame_submit_swap,533,0.4797
500k,500004,250004,33904599,cpu_frame_submit_swap,534,0.4793
500k,500004,250004,33904599,cpu_frame_submit_swap,535,0.4863
500k,500004,250004,33904599,cpu_frame_submit_swap,536,0.4768
500k,500004,250004,33904599,cpu_frame_submit_swap,537,0.485
500k,500004,250004,33904599,cpu_frame_submit_swap,538,0.4785
500k,500004,250004,33904599,cpu_frame_submit_swap,539,0.5563
500k,500004,250004,33904599,cpu_frame_submit_swap,540,0.5218
500k,500004,250004,33904599,cpu_frame_submit_swap,541,0.4824
500k,500004,250004,33904599,cpu_frame_submit_swap,542,0.4879
500k,500004,250004,33904599,cpu_frame_submit_swap,543,0.4786
500k,500004,250004,33904599,cpu_frame_submit_swap,544,0.4755
500k,500004,250004,33904599,cpu_frame_submit_swap,545,0.4752
500k,500004,250004,33904599,cpu_frame_submit_swap,546,0.4773
500k,500004,250004,33904599,cpu_frame_submit_swap,547,0.4771
500k,500004,250004,33904599,cpu_frame_submit_swap,548,0.4832
500k,500004,250004,33904599,cpu_frame_submit_swap,549,0.4766
500k,500004,250004,33904599,cpu_frame_submit_swap,550,0.515
500k,500004,250004,33904599,cpu_frame_submit_swap,551,0.536
500k,500004,250004,33904599,cpu_frame_submit_swap,552,0.4901
500k,500004,250004,33904599,cpu_frame_submit_swap,553,0.7069
500k,500004,250004,33904599,cpu_frame_submit_swap,554,0.6311
500k,500004,250004,33904599,cpu_frame_submit_swap,555,0.4915
500k,500004,250004,33904599,cpu_frame_submit_swap,556,0.4858
500k,500004,250004,33904599,cpu_frame_submit_swap,557,0.4753
500k,500004,250004,33904599,cpu_frame_submit_swap,558,0.5524
500k,500004,250004,33904599,cpu_frame_submit_swap,559,0.5367
500k,500004,250004,33904599,cpu_frame_submit_swap,560,0.598
500k,500004,250004,33904599,cpu_frame_submit_swap,561,0.5295
500k,500004,250004,33904599,cpu_frame_submit_swap,562,0.4825
500k,500004,250004,33904599,cpu_frame_submit_swap,563,0.4769
500k,500004,250004,33904599,cpu_frame_submit_swap,564,0.5887
500k,500004,250004,33904599,cpu_frame_submit_swap,565,0.6087
500k,500004,250004,33904599,cpu_frame_submit_swap,566,0.6571
500k,500004,250004,33904599,cpu_frame_submit_swap,567,0.609
500k,500004,250004,33904599,cpu_frame_submit_swap,568,0.5255
500k,500004,250004,33904599,cpu_frame_submit_swap,569,0.4933
500k,500004,250004,33904599,cpu_frame_submit_swap,570,0.4915
500k,500004,250004,33904599,cpu_frame_submit_swap,571,0.4903
500k,500004,250004,33904599,cpu_frame_submit_swap,572,0.489
500k,500004,250004,33904599,cpu_frame_submit_swap,573,0.5247
500k,500004,250004,33904599,cpu_frame_submit_swap,574,0.6322
500k,500004,250004,33904599,cpu_frame_submit_swap,575,0.5902
500k,500004,250004,33904599,cpu_frame_submit_swap,576,0.505
500k,500004,250004,33904599,cpu_frame_submit_swap,577,0.566
500k,500004,250004,33904599,cpu_frame_submit_swap,578,0.6015
500k,500004,250004,33904599,cpu_frame_submit_swap,579,0.522
500k,500004,250004,33904599,cpu_frame_submit_swap,580,0.4825
500k,500004,250004,33904599,cpu_frame_submit_swap,581,0.4876
500k,500004,250004,33904599,cpu_frame_submit_swap,582,0.497
500k,500004,250004,33904599,cpu_frame_submit_swap,583,0.5532
500k,500004,250004,33904599,cpu_frame_submit_swap,584,0.5103
500k,500004,250004,33904599,cpu_frame_submit_swap,585,0.6458
500k,500004,250004,33904599,cpu_frame_submit_swap,586,0.5473
500k,500004,250004,33904599,cpu_frame_submit_swap,587,0.5141
500k,500004,250004,33904599,cpu_frame_submit_swap,588,0.4997
500k,500004,250004,33904599,cpu_frame_submit_swap,589,0.5887
500k,500004,250004,33904599,cpu_frame_submit_swap,590,0.5601
500k,500004,250004,33904599,cpu_frame_submit_swap,591,0.6242
500k,500004,250004,33904599,cpu_frame_submit_swap,592,0.6032
500k,500004,250004,33904599,cpu_frame_submit_swap,593,0.8835
500k,500004,250004,33904599,cpu_frame_submit_swap,594,0.611
500k,500004,250004,33904599,cpu_frame_submit_swap,595,0.5968
500k,500004,250004,33904599,cpu_frame_submit_swap,596,0.6095
500k,500004,250004,33904599,cpu_frame_submit_swap,597,0.5304
500k,500004,250004,33904599,cpu_frame_submit_swap,598,0.4854
500k,500004,250004,33904599,cpu_frame_submit_swap,599,0.5571
500k,500004,250004,33904599,cpu_frame_submit_swap,600,0.6033
500k,500004,250004,33904599,cpu_picking,1,3.3962
500k,500004,250004,33904599,cpu_picking,2,3.4125
500k,500004,250004,33904599,cpu_picking,3,3.3004
500k,500004,250004,33904599,cpu_picking,4,3.3077
500k,500004,250004,33904599,cpu_picking,5,3.3197
500k,500004,250004,33904599,cpu_picking,6,3.3395
500k,500004,250004,33904599,cpu_picking,7,3.3091
500k,500004,250004,33904599,cpu_picking,8,3.3227
500k,500004,250004,33904599,cpu_picking,9,3.2957
500k,500004,250004,33904599,cpu_picking,10,3.3636
